output1,output2,output3
27.289354,27.36887,27.879196
26.706051,26.56459,27.059418
33.624302,32.61496,33.691391
30.745045,30.329746,31.116802
39.456478,37.914494,39.102257
38.760212,37.927151,38.969757
